{"cameraMode":{"drawMode":0,"name":"Shaded","section":"Shading Mode"},"sceneLighting":true,"audioPlay":false,"sceneViewState":{"showFog":true,"showMaterialUpdate":false,"showSkybox":true,"showFlares":true,"showImageEffects":true,"showParticleSystems":true},"in2DMode":false,"pivot":{"x":-0.6265885829925537,"y":-4.76837158203125e-7,"z":1.0193252563476563},"rotation":{"x":-0.01464303769171238,"y":0.9606832265853882,"z":-0.27241474390029909,"w":-0.0516376867890358},"size":11.10187816619873,"orthographic":false}