{"cameraMode":{"drawMode":0,"name":"Shaded","section":"Shading Mode"},"sceneLighting":true,"audioPlay":false,"sceneViewState":{"showFog":true,"showMaterialUpdate":false,"showSkybox":true,"showFlares":true,"showImageEffects":true,"showParticleSystems":true},"in2DMode":false,"pivot":{"x":-2.6384549140930177,"y":-1.2997360229492188,"z":-0.5735092163085938},"rotation":{"x":0.1967087686061859,"y":-0.0055718268267810349,"z":0.0011180657893419266,"w":0.9804676175117493},"size":62.42551803588867,"orthographic":false}