{"cameraMode":{"drawMode":0,"name":"Shaded","section":"Shading Mode"},"sceneLighting":true,"audioPlay":false,"sceneViewState":{"showFog":true,"showMaterialUpdate":false,"showSkybox":true,"showFlares":true,"showImageEffects":true,"showParticleSystems":true},"in2DMode":false,"pivot":{"x":-1.8930764198303223,"y":-2.1376914978027345,"z":-10.387542724609375},"rotation":{"x":0.3395691514015198,"y":-0.01521835383027792,"z":0.005505629349499941,"w":0.9404631853103638},"size":141.72227478027345,"orthographic":false}